no,experimentType,userNumber,blockNumber,trialId,constNr,constStr,copyOfTrial,trialRep,currTravel,travelsNumber,amplitudeMM,amplitudePx,directionDegree,rect1_PressIn,rect1_ReleaseIn,rect2_PressIn,rect2_ReleaseIn,HIT,isRepetitionOfMistake,toBeRepeatedTrial,rect1_X,rect1_Y,rect1_WidthMM,rect1_HeightMM,rect1_WidthPx,rect1_HeightPx,rect2_X,rect2_Y,rect2_WidthMM,rect2_HeightMM,rect2_WidthPx,rect2_HeightPx,rect1_Press_coord_X,rect1_Press_coord_Y,rect1_Release_coord_X,rect1_Release_coord_Y,rect2_Press_coord_X,rect2_Press_coord_Y,rect2_Release_coord_X,rect2_Release_coord_Y,rect1_Press_timeT1,rect1_Release_timeT2,rect2_Press_timeT3,rect2_Release_timeT4,T2_T1_rect1_Release_rect1_Press_ms,T3_T1_rect2_Press_rect1_Press_ms,T4_T1_rect2_Release_rect1_Press_ms,T3_T2_rect2_Press_rect1_Release_ms,T4_T2_rect2_Release_rect1_Release_ms,T4_T3_rect2_Release_rect2_Press_ms,D2_D1_rect1_Release_rect1_Press_px,D3_D1_rect2_Press_rect1_Press_px,D4_D1_rect2_Release_rect1_Press_px,D3_D2_rect2_Press_rect1_Release_px,D4_D2_rect2_Release_rect1_Release_px,D4_D3_rect2_Release_rect2_Press_px,device
1,discrete,2,1,90,15,W_15_H_24_D_210_Amp_92,85,5,,,92,291.1733153216265,210,true,true,true,true,true,false,false,818.0936193114051,451.3820344673311,10,10,31.64927340452462,31.64927340452462,1062.344788932939,574.814200744977,15,24,47.47391010678693,75.95825617085909,844,480,844,480,1070,583,1070,583,20.04 T 21:33:48.196,20.04 T 21:33:48.362,20.04 T 21:33:49.461,20.04 T 21:33:49.612,0000166,0001265,0001416,0001099,0001250,0000151,0,248.3646512690564,248.3646512690564,248.3646512690564,248.3646512690564,0,mouse
2,discrete,2,1,128,22,W_17_H_7_D_315_Amp_166,127,1,,,166,525.3779385151087,315,true,true,true,true,true,false,false,37.26609769335742,757.7629771159677,10,10,31.64927340452462,31.64927340452462,397.6871550116161,391.0120651168039,17,7,53.803764787691854,22.154491383167233,56,772,56,772,421,412,421,412,20.04 T 21:33:53.212,20.04 T 21:33:53.377,20.04 T 21:33:55.529,20.04 T 21:33:55.644,0000165,0002317,0002432,0002152,0002267,0000115,0,512.6646077115134,512.6646077115134,512.6646077115134,512.6646077115134,0,mouse
3,discrete,2,1,138,23,W_5_H_10_D_330_Amp_400,133,5,,,400,1265.9709361809848,330,true,true,true,true,true,false,false,26.12530860710838,987.8655917405815,10,10,31.64927340452462,31.64927340452462,1130.4006181437403,354.88012365008854,5,10,15.82463670226231,31.64927340452462,47,996,47,996,1134,365,1134,365,20.04 T 21:33:57.679,20.04 T 21:33:57.828,20.04 T 21:33:59.868,20.04 T 21:33:59.997,0000149,0002189,0002318,0002040,0002169,0000129,0,1256.8731041755966,1256.8731041755966,1256.8731041755966,1256.8731041755966,0,mouse
4,discrete,2,1,22,4,W_12_H_6_D_45_Amp_365,19,3,,,365,1155.1984792651485,45,true,true,true,true,true,false,false,691.7936748269651,72.22012656689195,10,10,31.64927340452462,31.64927340452462,1505.4774257912864,895.3986595525706,12,6,37.979128085429544,18.989564042714772,705,99,705,99,1517,913,1517,913,20.04 T 21:34:01.898,20.04 T 21:34:02.011,20.04 T 21:34:04.497,20.04 T 21:34:04.646,0000113,0002599,0002748,0002486,0002635,0000149,0,1149.7564959590356,1149.7564959590356,1149.7564959590356,1149.7564959590356,0,mouse
5,discrete,2,1,49,9,W_14_H_10_D_120_Amp_72,49,0,,,72,227.87476851257728,120,true,true,true,true,true,false,false,1015.1566145288662,503.3217175206306,10,10,31.64927340452462,31.64927340452462,894.8893755916725,700.6670559340208,14,10,44.308982766334466,31.64927340452462,1033,534,1033,534,922,716,922,716,20.04 T 21:34:06.562,20.04 T 21:34:06.678,20.04 T 21:34:07.764,20.04 T 21:34:07.929,0000116,0001202,0001367,0001086,0001251,0000165,0,213.17832910500073,213.17832910500073,213.17832910500073,213.17832910500073,0,mouse
6,discrete,2,1,108,18,W_22_H_5_D_255_Amp_87,103,5,,,87,275.3486786193642,255,true,true,true,true,true,false,false,932.4553184919384,619.2341481859291,10,10,31.64927340452462,31.64927340452462,842.200272378719,361.1800666240478,22,5,69.62840148995416,15.82463670226231,947,627,947,627,868,376,868,376,20.04 T 21:34:09.228,20.04 T 21:34:09.379,20.04 T 21:34:10.496,20.04 T 21:34:10.628,0000151,0001268,0001400,0001117,0001249,0000132,0,263.1387466717891,263.1387466717891,263.1387466717891,263.1387466717891,0,mouse
7,discrete,2,1,65,11,W_5_H_10_D_150_Amp_400,61,4,,,400,1265.9709361809848,150,true,true,true,true,true,false,false,1151.2287787960718,152.84747841093252,10,10,31.64927340452462,31.64927340452462,62.77810596170172,785.8329465014249,5,10,15.82463670226231,31.64927340452462,1168,161,1168,161,68,794,68,794,20.04 T 21:34:12.081,20.04 T 21:34:12.211,20.04 T 21:34:14.716,20.04 T 21:34:14.812,0000130,0002635,0002731,0002505,0002601,0000096,0,1269.129229038556,1269.129229038556,1269.129229038556,1269.129229038556,0,mouse
8,discrete,2,1,79,14,W_7_H_16_D_195_Amp_200,79,0,,,200,632.9854680904924,195,true,true,true,true,true,false,false,1263.9126997020844,524.2052420589754,10,10,31.64927340452462,31.64927340452462,657.2430794184816,350.8817656226646,7,16,22.154491383167233,50.63883744723939,1267,534,1267,534,669,386,669,386,20.04 T 21:34:16.429,20.04 T 21:34:16.544,20.04 T 21:34:17.798,20.04 T 21:34:17.912,0000115,0001369,0001483,0001254,0001368,0000114,0,616.042206346286,616.042206346286,616.042206346286,616.042206346286,0,mouse
9,discrete,2,1,59,10,W_13_H_7_D_135_Amp_166,55,4,,,166,525.3779385151087,135,true,true,true,true,true,false,false,898.3502759447775,357.6406470338108,10,10,31.64927340452462,31.64927340452462,522.1045819242565,733.886341054332,13,7,41.144055425882,22.154491383167233,925,379,925,379,544,741,544,741,20.04 T 21:34:19.432,20.04 T 21:34:19.529,20.04 T 21:34:21.114,20.04 T 21:34:21.277,0000097,0001682,0001845,0001585,0001748,0000163,0,525.552090662762,525.552090662762,525.552090662762,525.552090662762,0,mouse
10,discrete,2,1,64,11,W_5_H_10_D_150_Amp_400,61,3,,,400,1265.9709361809848,150,true,true,true,true,true,false,false,1416.9762983847543,251.2378270289489,10,10,31.64927340452462,31.64927340452462,328.52562555038423,884.2232951194412,5,10,15.82463670226231,31.64927340452462,1433,278,1433,278,334,892,333,894,20.04 T 21:34:22.765,20.04 T 21:34:22.896,20.04 T 21:34:25.096,20.04 T 21:34:25.260,0000131,0002331,0002495,0002200,0002364,0000164,0,1258.8872070205496,1260.7362928067075,1258.8872070205496,1260.7362928067075,2.23606797749979,mouse
11,discrete,2,1,88,15,W_15_H_24_D_210_Amp_92,85,3,,,92,291.1733153216265,210,true,true,true,true,true,false,false,855.8003919382687,552.6223287336204,10,10,31.64927340452462,31.64927340452462,595.7245856144723,384.8811796896399,15,24,47.47391010678693,75.95825617085909,882,572,882,572,620,449,620,449,20.04 T 21:34:26.913,20.04 T 21:34:27.010,20.04 T 21:34:27.697,20.04 T 21:34:27.830,0000097,0000784,0000917,0000687,0000820,0000133,0,289.43565778942997,289.43565778942997,289.43565778942997,289.43565778942997,0,mouse
12,discrete,2,1,55,10,W_13_H_7_D_135_Amp_166,55,0,,,166,525.3779385151087,135,true,true,true,true,true,false,false,1390.0470236295484,276.13171344205625,10,10,31.64927340452462,31.64927340452462,1013.8013296090273,652.3774074625774,13,7,41.144055425882,22.154491383167233,1413,294,1413,294,1027,663,1027,663,20.04 T 21:34:31.880,20.04 T 21:34:31.979,20.04 T 21:34:33.197,20.04 T 21:34:33.312,0000099,0001317,0001432,0001218,0001333,0000115,0,534.0009363287671,534.0009363287671,534.0009363287671,534.0009363287671,0,mouse
13,discrete,2,1,25,5,W_18_H_12_D_60_Amp_120,25,0,,,120,379.79128085429545,60,true,true,true,true,true,false,false,1424.0243963491193,283.4804185367837,10,10,31.64927340452462,31.64927340452462,1601.2603274144572,609.2243885519816,18,12,56.96869212814432,37.979128085429544,1428,310,1428,310,1618,618,1618,618,20.04 T 21:34:34.764,20.04 T 21:34:34.878,20.04 T 21:34:35.731,20.04 T 21:34:35.862,0000114,0000967,0001098,0000853,0000984,0000131,0,361.8894858931384,361.8894858931384,361.8894858931384,361.8894858931384,0,mouse
14,discrete,2,1,27,5,W_18_H_12_D_60_Amp_120,25,2,,,120,379.79128085429545,60,true,true,true,true,true,false,false,1271.0642632047118,447.1940768635384,10,10,31.64927340452462,31.64927340452462,1448.3001942700496,772.9380468787364,18,12,56.96869212814432,37.979128085429544,1283,477,1283,477,1467,786,1467,786,20.04 T 21:34:36.913,20.04 T 21:34:37.045,20.04 T 21:34:38.130,20.04 T 21:34:38.262,0000132,0001217,0001349,0001085,0001217,0000132,0,359.63453671748493,359.63453671748493,359.63453671748493,359.63453671748493,0,mouse
15,discrete,2,1,54,9,W_14_H_10_D_120_Amp_72,49,5,,,72,227.87476851257728,120,true,true,true,true,true,false,false,532.0120788943545,154.86718922775617,10,10,31.64927340452462,31.64927340452462,411.74483995716105,352.2125276411464,14,10,44.308982766334466,31.64927340452462,545,166,545,166,434,357,434,357,20.04 T 21:34:39.531,20.04 T 21:34:39.629,20.04 T 21:34:40.695,20.04 T 21:34:40.829,0000098,0001164,0001298,0001066,0001200,0000134,0,220.91174708466727,220.91174708466727,220.91174708466727,220.91174708466727,0,mouse
16,discrete,2,1,38,7,W_15_H_20_D_90_Amp_231,37,1,,,231,731.0982156445186,90,true,true,true,true,true,false,false,1059.9388979938049,41.4258185930225,10,10,31.64927340452462,31.64927340452462,1052.0265796426736,756.6993975352789,15,20,47.47391010678693,63.29854680904924,1078,55,1078,55,1072,772,1072,772,20.04 T 21:34:42.346,20.04 T 21:34:42.445,20.04 T 21:34:43.595,20.04 T 21:34:43.712,0000099,0001249,0001366,0001150,0001267,0000117,0,717.0251041630272,717.0251041630272,717.0251041630272,717.0251041630272,0,mouse
17,discrete,2,1,135,23,W_5_H_10_D_330_Amp_400,133,2,,,400,1265.9709361809848,330,true,true,true,true,true,false,false,310.51839060514226,909.5099920309472,10,10,31.64927340452462,31.64927340452462,1414.7937001417743,276.5245239404542,5,10,15.82463670226231,31.64927340452462,324,925,324,925,1422,289,1422,289,20.04 T 21:34:46.080,20.04 T 21:34:46.178,20.04 T 21:34:47.530,20.04 T 21:34:47.662,0000098,0001450,0001582,0001352,0001484,0000132,0,1268.897158953396,1268.897158953396,1268.897158953396,1268.897158953396,0,mouse
18,discrete,2,1,110,19,W_15_H_20_D_270_Amp_231,109,1,,,231,731.0982156445186,270,true,true,true,true,true,false,false,1078.2731978148072,793.1950326851384,10,10,31.64927340452462,31.64927340452462,1070.3608794636757,46.2721803383574,15,20,47.47391010678693,63.29854680904924,1103,812,1103,812,1084,70,1084,70,20.04 T 21:34:48.832,20.04 T 21:34:48.979,20.04 T 21:34:50.646,20.04 T 21:34:50.744,0000147,0001814,0001912,0001667,0001765,0000098,0,742.2432215924912,742.2432215924912,742.2432215924912,742.2432215924912,0,mouse
19,discrete,2,1,2,1,W_6_H_4_D_0_Amp_409,1,1,,,409,1294.455282245057,0,true,true,true,true,true,false,false,488.22449566936837,52.09076044404752,10,10,31.64927340452462,31.64927340452462,1789.0096325953305,61.585542465404906,6,4,18.989564042714772,12.659709361809847,509,74,509,74,1799,73,1799,73,20.04 T 21:34:52.696,20.04 T 21:34:52.797,20.04 T 21:34:54.346,20.04 T 21:34:54.444,0000101,0001650,0001748,0001549,0001647,0000098,0,1290.000387596841,1290.000387596841,1290.000387596841,1290.000387596841,0,mouse
20,discrete,2,1,84,14,W_7_H_16_D_195_Amp_200,79,5,,,200,632.9854680904924,195,true,true,true,true,true,false,false,1463.2724395008547,482.41058304031856,10,10,31.64927340452462,31.64927340452462,856.6028192172519,309.0871066040078,7,16,22.154491383167233,50.63883744723939,1478,485,1478,485,865,353,865,353,20.04 T 21:34:55.829,20.04 T 21:34:55.946,20.04 T 21:34:57.628,20.04 T 21:34:57.746,0000117,0001799,0001917,0001682,0001800,0000118,0,627.0510346056371,627.0510346056371,627.0510346056371,627.0510346056371,0,mouse
21,discrete,2,1,80,14,W_7_H_16_D_195_Amp_200,79,1,,,200,632.9854680904924,195,true,true,true,true,true,false,false,1481.454934193084,366.2853840555065,10,10,31.64927340452462,31.64927340452462,874.7853139094811,192.9619076191957,7,16,22.154491383167233,50.63883744723939,1501,392,1501,392,885,214,885,214,20.04 T 21:34:59.647,20.04 T 21:34:59.746,20.04 T 21:35:00.998,20.04 T 21:35:01.112,0000099,0001351,0001465,0001252,0001366,0000114,0,641.2019962539106,641.2019962539106,641.2019962539106,641.2019962539106,0,mouse
22,discrete,2,1,114,19,W_15_H_20_D_270_Amp_231,109,5,,,231,731.0982156445186,270,true,true,true,true,true,false,false,1589.7598801798924,984.3559887860939,10,10,31.64927340452462,31.64927340452462,1581.847561828761,237.43313643931296,15,20,47.47391010678693,63.29854680904924,1614,1014,1614,1014,1618,267,1618,267,20.04 T 21:35:03.147,20.04 T 21:35:03.245,20.04 T 21:35:04.280,20.04 T 21:35:04.395,0000098,0001133,0001248,0001035,0001150,0000115,0,747.010709427917,747.010709427917,747.010709427917,747.010709427917,0,mouse
23,discrete,2,1,115,20,W_4_H_8_D_285_Amp_160,115,0,,,160,506.38837447239393,285,true,true,true,true,true,false,false,1060.0487093308232,631.8715657707668,10,10,31.64927340452462,31.64927340452462,1200.606446884143,145.9028840757939,4,8,12.659709361809847,25.319418723619695,1078,640,1078,641,1206,171,1206,171,20.04 T 21:35:05.767,20.04 T 21:35:05.895,20.04 T 21:35:07.529,20.04 T 21:35:07.612,0000128,0001762,0001845,0001634,0001717,0000083,1,486.1532680132882,486.1532680132882,487.11805550605493,487.11805550605493,0,mouse
24,discrete,2,1,8,2,W_7_H_16_D_15_Amp_200,7,1,,,200,632.9854680904924,15,true,true,true,true,true,false,false,1196.5244211392683,554.7101496290117,10,10,31.64927340452462,31.64927340452462,1812.6888234442285,709.0440620226076,7,16,22.154491383167233,50.63883744723939,1215,578,1215,578,1828,730,1828,730,20.04 T 21:35:11.216,20.04 T 21:35:11.345,20.04 T 21:35:12.532,20.04 T 21:35:12.628,0000129,0001316,0001412,0001187,0001283,0000096,0,631.5639318390498,631.5639318390498,631.5639318390498,631.5639318390498,0,mouse
25,discrete,2,1,122,21,W_14_H_10_D_300_Amp_72,121,1,,,72,227.87476851257728,300,true,true,true,true,true,false,false,1543.1740205906715,387.47597844059464,10,10,31.64927340452462,31.64927340452462,1650.7815501660552,190.13064002720444,14,10,44.308982766334466,31.64927340452462,1559,410,1559,410,1668,220,1668,220,20.04 T 21:35:13.766,20.04 T 21:35:13.878,20.04 T 21:35:14.983,20.04 T 21:35:15.078,0000112,0001217,0001312,0001105,0001200,0000095,0,219.04565734111233,219.04565734111233,219.04565734111233,219.04565734111233,0,mouse
26,discrete,2,1,50,9,W_14_H_10_D_120_Amp_72,49,1,,,72,227.87476851257728,120,true,true,true,true,true,false,false,1110.7552657698254,319.08598522576705,10,10,31.64927340452462,31.64927340452462,990.4880268326318,516.4313236391573,14,10,44.308982766334466,31.64927340452462,1121,330,1121,330,1008,524,1008,524,20.04 T 21:35:16.213,20.04 T 21:35:16.295,20.04 T 21:35:17.229,20.04 T 21:35:17.345,0000082,0001016,0001132,0000934,0001050,0000116,0,224.51057881534223,224.51057881534223,224.51057881534223,224.51057881534223,0,mouse
27,discrete,2,1,44,8,W_4_H_8_D_105_Amp_160,43,1,,,160,506.38837447239393,105,true,true,true,true,true,false,false,1073.8122727941716,373.5275279167087,10,10,31.64927340452462,31.64927340452462,952.2440992835662,865.8260642925865,4,8,12.659709361809847,25.319418723619695,1092,388,1092,388,958,875,958,875,20.04 T 21:35:19.498,20.04 T 21:35:19.596,20.04 T 21:35:20.999,20.04 T 21:35:21.095,0000098,0001501,0001597,0001403,0001499,0000096,0,505.0990001969911,505.0990001969911,505.0990001969911,505.0990001969911,0,mouse
28,discrete,2,1,105,18,W_22_H_5_D_255_Amp_87,103,2,,,87,275.3486786193642,255,true,true,true,true,true,false,false,1346.907811667843,302.42262000876804,10,10,31.64927340452462,31.64927340452462,1256.6527655546233,44.368538446886696,22,5,69.62840148995416,15.82463670226231,1364,320,1364,320,1275,59,1275,59,20.04 T 21:35:22.599,20.04 T 21:35:22.678,20.04 T 21:35:24.180,20.04 T 21:35:24.262,0000079,0001581,0001663,0001502,0001584,0000082,0,275.7571395267945,275.7571395267945,275.7571395267945,275.7571395267945,0,mouse
29,discrete,2,1,3,1,W_6_H_4_D_0_Amp_409,1,2,,,409,1294.455282245057,0,true,true,true,true,true,false,false,545.1648432896254,725.16557757601,10,10,31.64927340452462,31.64927340452462,1845.9499802155874,734.6603595973675,6,4,18.989564042714772,12.659709361809847,568,749,568,749,1861,747,1861,747,20.04 T 21:35:26.048,20.04 T 21:35:26.163,20.04 T 21:35:27.682,20.04 T 21:35:27.779,0000115,0001634,0001731,0001519,0001616,0000097,0,1293.0015467894848,1293.0015467894848,1293.0015467894848,1293.0015467894848,0,mouse
30,discrete,2,1,6,1,W_6_H_4_D_0_Amp_409,1,5,,,409,1294.455282245057,0,true,true,true,true,true,false,false,83.40936013279837,960.2364265561067,10,10,31.64927340452462,31.64927340452462,1384.1944970587604,969.7312085774641,6,4,18.989564042714772,12.659709361809847,106,975,106,975,1391,977,1391,977,20.04 T 21:35:29.549,20.04 T 21:35:29.663,20.04 T 21:35:31.563,20.04 T 21:35:31.696,0000114,0002014,0002147,0001900,0002033,0000133,0,1285.0015564192909,1285.0015564192909,1285.0015564192909,1285.0015564192909,0,mouse
31,discrete,2,1,94,16,W_12_H_6_D_225_Amp_365,91,3,,,365,1155.1984792651485,225,true,true,false,false,false,false,false,1512.0552399673022,963.3866436907781,10,10,31.64927340452462,31.64927340452462,692.0416343220758,152.86782006690922,12,6,37.979128085429544,18.989564042714772,1528,975,1528,975,713,174,713,174,20.04 T 21:35:32.817,20.04 T 21:35:32.948,20.04 T 21:35:34.232,20.04 T 21:35:34.346,0000131,0001415,0001529,0001284,0001398,0000114,0,1142.727439068477,1142.727439068477,1142.727439068477,1142.727439068477,0,mouse
32,discrete,2,1,9,2,W_7_H_16_D_15_Amp_200,7,2,,,200,632.9854680904924,15,true,true,true,true,true,false,false,508.1217436066528,473.68544817471746,10,10,31.64927340452462,31.64927340452462,1124.2861459116132,628.0193605683135,7,16,22.154491383167233,50.63883744723939,530,495,530,495,1145,664,1145,664,20.04 T 21:35:36.032,20.04 T 21:35:36.162,20.04 T 21:35:37.180,20.04 T 21:35:37.296,0000130,0001148,0001264,0001018,0001134,0000116,0,637.7977735928529,637.7977735928529,637.7977735928529,637.7977735928529,0,mouse
33,discrete,2,1,104,18,W_22_H_5_D_255_Amp_87,103,1,,,87,275.3486786193642,255,true,true,true,true,true,false,false,810.3342398382433,798.0117640355029,10,10,31.64927340452462,31.64927340452462,720.0791937250239,539.9576824736215,22,5,69.62840148995416,15.82463670226231,832,810,832,810,753,554,753,554,20.04 T 21:35:38.863,20.04 T 21:35:39.012,20.04 T 21:35:40.246,20.04 T 21:35:40.344,0000149,0001383,0001481,0001234,0001332,0000098,0,267.91229908311414,267.91229908311414,267.91229908311414,267.91229908311414,0,mouse
34,discrete,2,1,21,4,W_12_H_6_D_45_Amp_365,19,2,,,365,1155.1984792651485,45,true,true,true,true,true,false,false,959.4191499634309,130.51466880430314,10,10,31.64927340452462,31.64927340452462,1773.1029009277522,953.6932017899818,12,6,37.979128085429544,18.989564042714772,978,156,978,156,1794,969,1794,969,20.04 T 21:35:41.883,20.04 T 21:35:41.979,20.04 T 21:35:43.401,20.04 T 21:35:43.545,0000096,0001518,0001662,0001422,0001566,0000144,0,1151.8788998848795,1151.8788998848795,1151.8788998848795,1151.8788998848795,0,mouse
35,discrete,2,1,69,12,W_4_H_9_D_165_Amp_210,67,2,,,210,664.6347414950171,165,true,true,true,true,true,false,false,1249.7872172199534,482.38723675349337,10,10,31.64927340452462,31.64927340452462,617.2941373823152,655.9898295594207,4,9,12.659709361809847,28.48434606407216,1259,504,1259,504,624,673,624,673,20.04 T 21:35:45.131,20.04 T 21:35:45.228,20.04 T 21:35:46.382,20.04 T 21:35:46.495,0000097,0001251,0001364,0001154,0001267,0000113,0,657.1042535245073,657.1042535245073,657.1042535245073,657.1042535245073,0,mouse
36,discrete,2,1,118,20,W_4_H_8_D_285_Amp_160,115,3,,,160,506.38837447239393,285,true,true,true,true,true,false,false,1109.0967024608767,568.2489100699121,10,10,31.64927340452462,31.64927340452462,1249.6544400141966,82.28022837493923,4,8,12.659709361809847,25.319418723619695,1112,587,1112,587,1259,102,1259,102,20.04 T 21:35:48.963,20.04 T 21:35:49.079,20.04 T 21:35:50.197,20.04 T 21:35:50.295,0000116,0001234,0001332,0001118,0001216,0000098,0,506.7879240865946,506.7879240865946,506.7879240865946,506.7879240865946,0,mouse
37,discrete,2,1,111,19,W_15_H_20_D_270_Amp_231,109,2,,,231,731.0982156445186,270,true,true,true,true,true,false,false,1706.3826560950006,809.0341854528023,10,10,31.64927340452462,31.64927340452462,1698.470337743869,62.111333106021306,15,20,47.47391010678693,63.29854680904924,1727,830,1727,830,1733,101,1733,101,20.04 T 21:35:51.783,20.04 T 21:35:51.862,20.04 T 21:35:52.697,20.04 T 21:35:52.813,0000079,0000914,0001030,0000835,0000951,0000116,0,729.0246909398885,729.0246909398885,729.0246909398885,729.0246909398885,0,mouse
38,discrete,2,1,116,20,W_4_H_8_D_285_Amp_160,115,1,,,160,506.38837447239393,285,true,true,true,true,true,false,false,1627.0624905601628,672.5330032024679,10,10,31.64927340452462,31.64927340452462,1767.6202281134827,186.56432150749498,4,8,12.659709361809847,25.319418723619695,1644,682,1644,682,1777,207,1777,207,20.04 T 21:35:54.431,20.04 T 21:35:54.562,20.04 T 21:35:55.831,20.04 T 21:35:55.964,0000131,0001400,0001533,0001269,0001402,0000133,0,493.26868945839243,493.26868945839243,493.26868945839243,493.26868945839243,0,mouse
39,discrete,2,1,92,16,W_12_H_6_D_225_Amp_365,91,1,,,365,1155.1984792651485,225,true,true,true,true,true,false,false,1393.3000389902124,911.930433192912,10,10,31.64927340452462,31.64927340452462,573.286433344986,101.41160956904314,12,6,37.979128085429544,18.989564042714772,1404,921,1404,921,590,110,590,110,20.04 T 21:35:57.665,20.04 T 21:35:57.814,20.04 T 21:35:59.114,20.04 T 21:35:59.245,0000149,0001449,0001580,0001300,0001431,0000131,0,1149.0504775683269,1149.0504775683269,1149.0504775683269,1149.0504775683269,0,mouse
40,discrete,2,1,61,11,W_5_H_10_D_150_Amp_400,61,0,,,400,1265.9709361809848,150,true,true,true,true,true,false,false,1130.6460531393784,243.1513095399858,10,10,31.64927340452462,31.64927340452462,42.195380305008364,876.136777630478,5,10,15.82463670226231,31.64927340452462,1140,266,1140,266,49,895,49,895,20.04 T 21:36:00.330,20.04 T 21:36:00.463,20.04 T 21:36:01.686,20.04 T 21:36:01.762,0000133,0001356,0001432,0001223,0001299,0000076,0,1259.3339509439106,1259.3339509439106,1259.3339509439106,1259.3339509439106,0,mouse
41,discrete,2,1,96,16,W_12_H_6_D_225_Amp_365,91,5,,,365,1155.1984792651485,225,true,true,true,true,true,false,false,888.5490368539351,844.6379966030782,10,10,31.64927340452462,31.64927340452462,68.53543120870866,34.119172979209374,12,6,37.979128085429544,18.989564042714772,899,867,899,867,77,44,77,44,20.04 T 21:36:02.948,20.04 T 21:36:03.028,20.04 T 21:36:04.214,20.04 T 21:36:04.279,0000080,0001266,0001331,0001186,0001251,0000065,0,1163.1908699779242,1163.1908699779242,1163.1908699779242,1163.1908699779242,0,mouse
42,discrete,2,1,67,12,W_4_H_9_D_165_Amp_210,67,0,,,210,664.6347414950171,165,true,true,false,false,false,false,false,690.2180474702092,577.8116181435342,10,10,31.64927340452462,31.64927340452462,57.7249676325709,751.4142109494617,4,9,12.659709361809847,28.48434606407216,716,600,716,600,67,780,67,780,20.04 T 21:36:05.865,20.04 T 21:36:05.946,20.04 T 21:36:07.364,20.04 T 21:36:07.463,0000081,0001499,0001598,0001418,0001517,0000099,0,673.4990720112389,673.4990720112389,673.4990720112389,673.4990720112389,0,mouse
43,discrete,2,1,86,15,W_15_H_24_D_210_Amp_92,85,1,,,92,291.1733153216265,210,true,true,true,true,true,false,false,570.9822703194694,604.3205862354189,10,10,31.64927340452462,31.64927340452462,310.906463995673,436.5794371914384,15,24,47.47391010678693,75.95825617085909,588,620,588,620,328,466,328,466,20.04 T 21:36:08.896,20.04 T 21:36:08.979,20.04 T 21:36:09.849,20.04 T 21:36:09.962,0000083,0000953,0001066,0000870,0000983,0000113,0,302.1853735705949,302.1853735705949,302.1853735705949,302.1853735705949,0,mouse
44,discrete,2,1,51,9,W_14_H_10_D_120_Amp_72,49,2,,,72,227.87476851257728,120,true,true,true,true,true,false,false,265.0977066514686,742.5197884036232,10,10,31.64927340452462,31.64927340452462,144.83046771427513,939.8651268170134,14,10,44.308982766334466,31.64927340452462,277,758,277,758,176,965,176,965,20.04 T 21:36:11.013,20.04 T 21:36:11.112,20.04 T 21:36:12.163,20.04 T 21:36:12.262,0000099,0001150,0001249,0001051,0001150,0000099,0,230.32585612562042,230.32585612562042,230.32585612562042,230.32585612562042,0,mouse
45,discrete,2,1,107,18,W_22_H_5_D_255_Amp_87,103,4,,,87,275.3486786193642,255,true,true,true,true,true,false,false,201.35016419970026,763.1277031945926,10,10,31.64927340452462,31.64927340452462,111.0951180864808,505.07362163271125,22,5,69.62840148995416,15.82463670226231,213,772,213,772,136,517,136,517,20.04 T 21:36:13.846,20.04 T 21:36:13.929,20.04 T 21:36:14.867,20.04 T 21:36:14.962,0000083,0001021,0001116,0000938,0001033,0000095,0,266.3719204420766,266.3719204420766,266.3719204420766,266.3719204420766,0,mouse
46,discrete,2,1,37,7,W_15_H_20_D_90_Amp_231,37,0,,,231,731.0982156445186,90,true,true,true,true,true,false,false,1053.8300625462223,258.4374221317921,10,10,31.64927340452462,31.64927340452462,1045.917744195091,973.7110010740485,15,20,47.47391010678693,63.29854680904924,1074,278,1074,278,1065,986,1065,986,20.04 T 21:36:16.666,20.04 T 21:36:16.746,20.04 T 21:36:17.816,20.04 T 21:36:17.947,0000080,0001150,0001281,0001070,0001201,0000131,0,708.0572010791219,708.0572010791219,708.0572010791219,708.0572010791219,0,mouse
47,discrete,2,1,89,15,W_15_H_24_D_210_Amp_92,85,4,,,92,291.1733153216265,210,true,true,true,true,true,false,false,1645.4662896672285,671.1896134005651,10,10,31.64927340452462,31.64927340452462,1385.390483343432,503.4484643565847,15,24,47.47391010678693,75.95825617085909,1660,681,1660,681,1429,561,1429,561,20.04 T 21:36:19.213,20.04 T 21:36:19.279,20.04 T 21:36:20.164,20.04 T 21:36:20.245,0000066,0000951,0001032,0000885,0000966,0000081,0,260.30943125442076,260.30943125442076,260.30943125442076,260.30943125442076,0,mouse
48,discrete,2,1,97,17,W_18_H_12_D_240_Amp_120,97,0,,,120,379.79128085429545,240,true,true,true,true,true,false,false,1213.7841616770295,1004.0670152076997,10,10,31.64927340452462,31.64927340452462,1011.2288118880716,671.9931905115969,18,12,56.96869212814432,37.979128085429544,1226,1026,1226,1026,1046,704,1046,704,20.04 T 21:36:22.867,20.04 T 21:36:22.963,20.04 T 21:36:23.964,20.04 T 21:36:24.064,0000096,0001097,0001197,0001001,0001101,0000100,0,368.8956492017763,368.8956492017763,368.8956492017763,368.8956492017763,0,mouse
49,discrete,2,1,10,2,W_7_H_16_D_15_Amp_200,7,3,,,200,632.9854680904924,15,true,true,true,true,true,false,false,940.4973689857967,550.0181686296137,10,10,31.64927340452462,31.64927340452462,1556.661771290757,704.3520810232096,7,16,22.154491383167233,50.63883744723939,956,575,956,575,1573,739,1573,739,20.04 T 21:36:25.497,20.04 T 21:36:25.629,20.04 T 21:36:26.864,20.04 T 21:36:26.981,0000132,0001367,0001484,0001235,0001352,0000117,0,638.4238404069823,638.4238404069823,638.4238404069823,638.4238404069823,0,mouse
50,discrete,2,1,137,23,W_5_H_10_D_330_Amp_400,133,4,,,400,1265.9709361809848,330,true,true,true,true,true,false,false,782.3524392422357,693.0804054676706,10,10,31.64927340452462,31.64927340452462,1886.6277487788677,60.09493737717763,5,10,15.82463670226231,31.64927340452462,797,714,797,714,1895,82,1895,82,20.04 T 21:36:28.280,20.04 T 21:36:28.362,20.04 T 21:36:29.915,20.04 T 21:36:30.013,0000082,0001635,0001733,0001553,0001651,0000098,0,1266.8969966023283,1266.8969966023283,1266.8969966023283,1266.8969966023283,0,mouse
51,discrete,2,1,26,5,W_18_H_12_D_60_Amp_120,25,1,,,120,379.79128085429545,60,true,true,true,true,true,false,false,1641.0091028950544,324.1410148864655,10,10,31.64927340452462,31.64927340452462,1818.2450339603922,649.8849849016634,18,12,56.96869212814432,37.979128085429544,1660,338,1660,338,1851,677,1851,677,20.04 T 21:36:31.130,20.04 T 21:36:31.212,20.04 T 21:36:32.464,20.04 T 21:36:32.562,0000082,0001334,0001432,0001252,0001350,0000098,0,389.1040991816971,389.1040991816971,389.1040991816971,389.1040991816971,0,mouse
52,discrete,2,1,117,20,W_4_H_8_D_285_Amp_160,115,2,,,160,506.38837447239393,285,true,true,true,true,true,false,false,1739.040119606381,1015.4040132056155,10,10,31.64927340452462,31.64927340452462,1879.5978571597009,529.4353315106426,4,8,12.659709361809847,25.319418723619695,1761,1039,1761,1039,1886,549,1886,549,20.04 T 21:36:34.180,20.04 T 21:36:34.280,20.04 T 21:36:35.647,20.04 T 21:36:35.745,0000100,0001467,0001565,0001367,0001465,0000098,0,505.69259436934607,505.69259436934607,505.69259436934607,505.69259436934607,0,mouse
53,discrete,2,1,7,2,W_7_H_16_D_15_Amp_200,7,0,,,200,632.9854680904924,15,true,true,true,true,true,false,false,1195.5022285323646,809.5838381208301,10,10,31.64927340452462,31.64927340452462,1811.6666308373249,963.9177505144261,7,16,22.154491383167233,50.63883744723939,1204,827,1204,827,1823,979,1823,979,20.04 T 21:36:37.132,20.04 T 21:36:37.229,20.04 T 21:36:38.231,20.04 T 21:36:38.329,0000097,0001099,0001197,0001002,0001100,0000098,0,637.3892060585903,637.3892060585903,637.3892060585903,637.3892060585903,0,mouse
54,discrete,2,1,56,10,W_13_H_7_D_135_Amp_166,55,1,,,166,525.3779385151087,135,true,true,true,true,true,false,false,1160.0769806021883,239.13262994044157,10,10,31.64927340452462,31.64927340452462,783.8312865816672,615.3783239609627,13,7,41.144055425882,22.154491383167233,1172,248,1172,248,805,626,805,626,20.04 T 21:36:39.815,20.04 T 21:36:39.896,20.04 T 21:36:41.417,20.04 T 21:36:41.512,0000081,0001602,0001697,0001521,0001616,0000095,0,526.8519716201126,526.8519716201126,526.8519716201126,526.8519716201126,0,mouse
55,discrete,2,1,82,14,W_7_H_16_D_195_Amp_200,79,3,,,200,632.9854680904924,195,true,true,true,true,true,false,false,1137.682906238901,210.2423325162693,10,10,31.64927340452462,31.64927340452462,531.0132859552982,36.918856079958545,7,16,22.154491383167233,50.63883744723939,1153,224,1153,224,541,70,541,70,20.04 T 21:36:42.765,20.04 T 21:36:42.848,20.04 T 21:36:43.666,20.04 T 21:36:43.729,0000083,0000901,0000964,0000818,0000881,0000063,0,631.0784420339519,631.0784420339519,631.0784420339519,631.0784420339519,0,mouse
56,discrete,2,1,17,3,W_15_H_24_D_30_Amp_92,13,4,,,92,291.1733153216265,30,true,true,true,true,true,false,false,1257.482426435522,768.7655084447805,10,10,31.64927340452462,31.64927340452462,1501.733596057056,892.1976747224264,15,24,47.47391010678693,75.95825617085909,1260,791,1260,791,1525,912,1525,912,20.04 T 21:36:45.782,20.04 T 21:36:45.863,20.04 T 21:36:46.647,20.04 T 21:36:46.746,0000081,0000865,0000964,0000784,0000883,0000099,0,291.3176959952828,291.3176959952828,291.3176959952828,291.3176959952828,0,mouse
57,discrete,2,1,103,18,W_22_H_5_D_255_Amp_87,103,0,,,87,275.3486786193642,255,true,true,true,true,true,false,false,1766.776262026635,707.2560021614081,10,10,31.64927340452462,31.64927340452462,1676.5212159134155,449.2019205995268,22,5,69.62840148995416,15.82463670226231,1786,737,1786,737,1709,455,1709,455,20.04 T 21:36:47.798,20.04 T 21:36:47.880,20.04 T 21:36:48.898,20.04 T 21:36:48.996,0000082,0001100,0001198,0001018,0001116,0000098,0,292.32345099221857,292.32345099221857,292.32345099221857,292.32345099221857,0,mouse
58,discrete,2,1,62,11,W_5_H_10_D_150_Amp_400,61,1,,,400,1265.9709361809848,150,true,true,true,true,true,false,false,1586.890040423892,239.50950646156298,10,10,31.64927340452462,31.64927340452462,498.439367589522,872.4949745520553,5,10,15.82463670226231,31.64927340452462,1600,254,1600,254,513,900,513,900,20.04 T 21:36:50.315,20.04 T 21:36:50.412,20.04 T 21:36:51.313,20.04 T 21:36:51.412,0000097,0000998,0001097,0000901,0001000,0000099,0,1264.4702448061007,1264.4702448061007,1264.4702448061007,1264.4702448061007,0,mouse
59,discrete,2,1,142,24,W_4_H_9_D_345_Amp_210,139,3,,,210,664.6347414950171,345,true,true,true,true,true,false,false,1059.6799229791886,547.823852113913,10,10,31.64927340452462,31.64927340452462,1711.1625668595418,377.3861866484381,4,9,12.659709361809847,28.48434606407216,1071,558,1071,558,1718,394,1718,394,20.04 T 21:36:52.764,20.04 T 21:36:52.848,20.04 T 21:36:54.165,20.04 T 21:36:54.262,0000084,0001401,0001498,0001317,0001414,0000097,0,667.4616093828918,667.4616093828918,667.4616093828918,667.4616093828918,0,mouse
60,discrete,2,1,87,15,W_15_H_24_D_210_Amp_92,85,2,,,92,291.1733153216265,210,true,true,true,true,true,false,false,1435.0331443021792,228.55700831698186,10,10,31.64927340452462,31.64927340452462,1174.9573379783826,60.815859273001344,15,24,47.47391010678693,75.95825617085909,1462,247,1462,247,1204,124,1205,125,20.04 T 21:36:57.016,20.04 T 21:36:57.130,20.04 T 21:36:57.882,20.04 T 21:36:57.980,0000114,0000866,0000964,0000752,0000850,0000098,0,285.8198733468336,284.48725806264156,285.8198733468336,284.48725806264156,1.4142135623730951,mouse
61,discrete,2,1,45,8,W_4_H_8_D_105_Amp_160,43,2,,,160,506.38837447239393,105,true,true,true,true,true,false,false,1262.6385862527598,91.19083654000042,10,10,31.64927340452462,31.64927340452462,1141.0704127421543,583.4893729158781,4,8,12.659709361809847,25.319418723619695,1284,106,1284,106,1152,600,1152,600,20.04 T 21:36:58.848,20.04 T 21:36:58.946,20.04 T 21:37:00.464,20.04 T 21:37:00.562,0000098,0001616,0001714,0001518,0001616,0000098,0,511.33159495575865,511.33159495575865,511.33159495575865,511.33159495575865,0,mouse
62,discrete,2,1,70,12,W_4_H_9_D_165_Amp_210,67,3,,,210,664.6347414950171,165,true,true,true,true,true,false,false,900.6753989842626,274.82694323122723,10,10,31.64927340452462,31.64927340452462,268.18231914662437,448.4295360371547,4,9,12.659709361809847,28.48434606407216,918,285,918,285,279,468,279,468,20.04 T 21:37:01.631,20.04 T 21:37:01.729,20.04 T 21:37:03.465,20.04 T 21:37:03.613,0000098,0001834,0001982,0001736,0001884,0000148,0,664.6878966853541,664.6878966853541,664.6878966853541,664.6878966853541,0,mouse
63,discrete,2,1,20,4,W_12_H_6_D_45_Amp_365,19,1,,,365,1155.1984792651485,45,true,true,true,true,true,false,false,293.19231766372724,140.47572667319122,10,10,31.64927340452462,31.64927340452462,1106.8760686280486,963.6542596588699,12,6,37.979128085429544,18.989564042714772,310,155,310,155,1127,978,1127,978,20.04 T 21:37:05.114,20.04 T 21:37:05.229,20.04 T 21:37:06.750,20.04 T 21:37:06.830,0000115,0001636,0001716,0001521,0001601,0000080,0,1159.6628820480546,1159.6628820480546,1159.6628820480546,1159.6628820480546,0,mouse
64,discrete,2,1,13,3,W_15_H_24_D_30_Amp_92,13,0,,,92,291.1733153216265,30,true,true,true,true,true,false,false,672.6109283287558,786.6649702720904,10,10,31.64927340452462,31.64927340452462,916.8620979502899,910.0971365497363,15,24,47.47391010678693,75.95825617085909,682,807,682,807,947,944,947,944,20.04 T 21:37:08.481,20.04 T 21:37:08.596,20.04 T 21:37:09.633,20.04 T 21:37:09.714,0000115,0001152,0001233,0001037,0001118,0000081,0,298.3186216111894,298.3186216111894,298.3186216111894,298.3186216111894,0,mouse
65,discrete,2,1,120,20,W_4_H_8_D_285_Amp_160,115,5,,,160,506.38837447239393,285,true,true,true,true,true,false,false,840.3505964140065,976.4551039605533,10,10,31.64927340452462,31.64927340452462,980.9083339673264,490.4864222655804,4,8,12.659709361809847,25.319418723619695,850,998,850,998,987,512,987,512,20.04 T 21:37:11.048,20.04 T 21:37:11.113,20.04 T 21:37:12.364,20.04 T 21:37:12.463,0000065,0001316,0001415,0001251,0001350,0000099,0,504.9405905648703,504.9405905648703,504.9405905648703,504.9405905648703,0,mouse
66,discrete,2,1,83,14,W_7_H_16_D_195_Amp_200,79,4,,,200,632.9854680904924,195,true,true,true,true,true,false,false,859.584590278121,739.238644161673,10,10,31.64927340452462,31.64927340452462,252.91496999451815,565.9151677253623,7,16,22.154491383167233,50.63883744723939,877,755,877,755,256,587,256,587,20.04 T 21:37:13.563,20.04 T 21:37:13.662,20.04 T 21:37:14.782,20.04 T 21:37:14.864,0000099,0001219,0001301,0001120,0001202,0000082,0,643.3234023413107,643.3234023413107,643.3234023413107,643.3234023413107,0,mouse
67,discrete,2,1,12,2,W_7_H_16_D_15_Amp_200,7,5,,,200,632.9854680904924,15,true,true,true,true,true,false,false,606.0799911631298,462.5596435765065,10,10,31.64927340452462,31.64927340452462,1222.24439346809,616.8935559701024,7,16,22.154491383167233,50.63883744723939,630,477,630,477,1238,646,1238,646,20.04 T 21:37:15.765,20.04 T 21:37:15.830,20.04 T 21:37:17.097,20.04 T 21:37:17.212,0000065,0001332,0001447,0001267,0001382,0000115,0,631.0507111159926,631.0507111159926,631.0507111159926,631.0507111159926,0,mouse
68,discrete,2,1,75,13,W_6_H_4_D_180_Amp_409,73,2,,,409,1294.455282245057,180,true,true,true,true,true,false,false,1618.953974917548,91.40721362670767,10,10,31.64927340452462,31.64927340452462,330.8285473533959,100.90199564806521,6,4,18.989564042714772,12.659709361809847,1633,108,1633,108,341,113,341,113,20.04 T 21:37:18.148,20.04 T 21:37:18.249,20.04 T 21:37:19.933,20.04 T 21:37:20.030,0000101,0001785,0001882,0001684,0001781,0000097,0,1292.0096748863764,1292.0096748863764,1292.0096748863764,1292.0096748863764,0,mouse
69,discrete,2,1,99,17,W_18_H_12_D_240_Amp_120,97,2,,,120,379.79128085429545,240,true,true,true,true,true,false,false,807.6968909776638,814.3390715933831,10,10,31.64927340452462,31.64927340452462,605.141541188706,482.26524689728035,18,12,56.96869212814432,37.979128085429544,823,825,823,824,637,513,637,513,20.04 T 21:37:21.531,20.04 T 21:37:21.612,20.04 T 21:37:22.330,20.04 T 21:37:22.447,0000081,0000799,0000916,0000718,0000835,0000117,1,363.23546082396746,363.23546082396746,362.3768756419206,362.3768756419206,0,mouse
70,discrete,2,1,53,9,W_14_H_10_D_120_Amp_72,49,4,,,72,227.87476851257728,120,true,true,true,true,true,false,false,226.80758669326303,472.4931983284648,10,10,31.64927340452462,31.64927340452462,106.54034775606954,669.838536741855,14,10,44.308982766334466,31.64927340452462,247,498,247,498,123,678,123,678,20.04 T 21:37:23.481,20.04 T 21:37:23.579,20.04 T 21:37:24.350,20.04 T 21:37:24.463,0000098,0000869,0000982,0000771,0000884,0000113,0,218.577217477028,218.577217477028,218.577217477028,218.577217477028,0,mouse
71,discrete,2,1,58,10,W_13_H_7_D_135_Amp_166,55,3,,,166,525.3779385151087,135,true,true,true,true,true,false,false,426.49816667347153,342.8959553572041,10,10,31.64927340452462,31.64927340452462,50.25247265295048,719.1416493777252,13,7,41.144055425882,22.154491383167233,437,357,437,357,80,730,80,730,20.04 T 21:37:25.547,20.04 T 21:37:25.646,20.04 T 21:37:26.531,20.04 T 21:37:26.663,0000099,0000984,0001116,0000885,0001017,0000132,0,516.3119212259194,516.3119212259194,516.3119212259194,516.3119212259194,0,mouse
72,discrete,2,1,140,24,W_4_H_9_D_345_Amp_210,139,1,,,210,664.6347414950171,345,true,true,true,true,true,false,false,1113.2938628985944,587.7742341129606,10,10,31.64927340452462,31.64927340452462,1764.7765067789476,417.33656864748576,4,9,12.659709361809847,28.48434606407216,1125,613,1125,613,1773,429,1773,429,20.04 T 21:37:28.450,20.04 T 21:37:28.535,20.04 T 21:37:29.548,20.04 T 21:37:29.630,0000085,0001098,0001180,0001013,0001095,0000082,0,673.6171019206682,673.6171019206682,673.6171019206682,673.6171019206682,0,mouse
73,discrete,2,1,131,22,W_17_H_7_D_315_Amp_166,127,4,,,166,525.3779385151087,315,true,true,true,true,true,false,false,1422.8296642170326,486.43259139187296,10,10,31.64927340452462,31.64927340452462,1783.2507215352912,119.68167939270919,17,7,53.803764787691854,22.154491383167233,1440,509,1440,509,1810,130,1810,130,20.04 T 21:37:30.433,20.04 T 21:37:30.529,20.04 T 21:37:32.131,20.04 T 21:37:32.246,0000096,0001698,0001813,0001602,0001717,0000115,0,529.6612124745402,529.6612124745402,529.6612124745402,529.6612124745402,0,mouse
74,discrete,2,1,15,3,W_15_H_24_D_30_Amp_92,13,2,,,92,291.1733153216265,30,true,true,true,true,true,false,false,1310.260994197966,637.1096714473947,10,10,31.64927340452462,31.64927340452462,1554.5121638195,760.5418377250406,15,24,47.47391010678693,75.95825617085909,1324,665,1324,665,1562,779,1562,779,20.04 T 21:37:33.647,20.04 T 21:37:33.747,20.04 T 21:37:34.383,20.04 T 21:37:34.497,0000100,0000736,0000850,0000636,0000750,0000114,0,263.89391808073185,263.89391808073185,263.89391808073185,263.89391808073185,0,mouse
75,discrete,2,1,121,21,W_14_H_10_D_300_Amp_72,121,0,,,72,227.87476851257728,300,true,true,true,true,true,false,false,1319.6390064918228,566.4998733048225,10,10,31.64927340452462,31.64927340452462,1427.2465360672065,369.15453489143226,14,10,44.308982766334466,31.64927340452462,1339,591,1339,591,1451,385,1451,385,20.04 T 21:37:35.631,20.04 T 21:37:35.713,20.04 T 21:37:36.397,20.04 T 21:37:36.497,0000082,0000766,0000866,0000684,0000784,0000100,0,234.47814397081873,234.47814397081873,234.47814397081873,234.47814397081873,0,mouse
76,discrete,2,1,119,20,W_4_H_8_D_285_Amp_160,115,4,,,160,506.38837447239393,285,true,true,true,true,true,false,false,869.7456943895886,518.3599222870105,10,10,31.64927340452462,31.64927340452462,1010.3034319429084,32.39124059203762,4,8,12.659709361809847,25.319418723619695,891,535,891,535,1016,53,1016,53,20.04 T 21:37:37.817,20.04 T 21:37:37.863,20.04 T 21:37:39.198,20.04 T 21:37:39.296,0000046,0001381,0001479,0001335,0001433,0000098,0,497.944776054534,497.944776054534,497.944776054534,497.944776054534,0,mouse
77,discrete,2,1,66,11,W_5_H_10_D_150_Amp_400,61,5,,,400,1265.9709361809848,150,true,true,true,true,true,false,false,1791.3068294444317,301.9993786137689,10,10,31.64927340452462,31.64927340452462,702.8561566100617,934.9848467042611,5,10,15.82463670226231,31.64927340452462,1800,322,1800,322,709,950,709,950,20.04 T 21:37:40.966,20.04 T 21:37:41.046,20.04 T 21:37:42.597,20.04 T 21:37:42.680,0000080,0001631,0001714,0001551,0001634,0000083,0,1258.8347786743104,1258.8347786743104,1258.8347786743104,1258.8347786743104,0,mouse
78,discrete,2,1,129,22,W_17_H_7_D_315_Amp_166,127,2,,,166,525.3779385151087,315,true,true,true,true,true,false,false,1173.9836261733462,760.1556921183114,10,10,31.64927340452462,31.64927340452462,1534.4046834916048,393.40478011914763,17,7,53.803764787691854,22.154491383167233,1202,781,1202,781,1562,410,1562,410,20.04 T 21:37:43.999,20.04 T 21:37:44.063,20.04 T 21:37:45.149,20.04 T 21:37:45.230,0000064,0001150,0001231,0001086,0001167,0000081,0,516.9535762522588,516.9535762522588,516.9535762522588,516.9535762522588,0,mouse
79,discrete,2,1,77,13,W_6_H_4_D_180_Amp_409,73,4,,,409,1294.455282245057,180,true,true,true,true,true,false,false,1409.8784023080893,941.0241911629878,10,10,31.64927340452462,31.64927340452462,121.75297474393714,950.5189731843453,6,4,18.989564042714772,12.659709361809847,1433,966,1433,966,132,962,132,962,20.04 T 21:37:46.381,20.04 T 21:37:46.463,20.04 T 21:37:49.197,20.04 T 21:37:49.263,0000082,0002816,0002882,0002734,0002800,0000066,0,1301.0061491015329,1301.0061491015329,1301.0061491015329,1301.0061491015329,0,mouse
80,discrete,2,1,60,10,W_13_H_7_D_135_Amp_166,55,5,,,166,525.3779385151087,135,true,true,true,true,true,false,false,1160.9711454471828,514.8893036741763,10,10,31.64927340452462,31.64927340452462,784.7254514266617,891.1349976946974,13,7,41.144055425882,22.154491383167233,1185,535,1185,535,810,900,810,900,20.04 T 21:37:51.166,20.04 T 21:37:51.263,20.04 T 21:37:52.233,20.04 T 21:37:52.313,0000097,0001067,0001147,0000970,0001050,0000080,0,523.3067933822376,523.3067933822376,523.3067933822376,523.3067933822376,0,mouse
81,discrete,2,1,141,24,W_4_H_9_D_345_Amp_210,139,2,,,210,664.6347414950171,345,true,true,true,true,true,false,false,861.6204534047636,641.4223647598975,10,10,31.64927340452462,31.64927340452462,1513.1030972851167,470.9846992944227,4,9,12.659709361809847,28.48434606407216,887,666,887,666,1518,483,1518,483,20.04 T 21:37:53.432,20.04 T 21:37:53.530,20.04 T 21:37:54.985,20.04 T 21:37:55.080,0000098,0001553,0001648,0001455,0001550,0000095,0,657.0007610345668,657.0007610345668,657.0007610345668,657.0007610345668,0,mouse
82,discrete,2,1,18,3,W_15_H_24_D_30_Amp_92,13,5,,,92,291.1733153216265,30,true,true,true,true,true,false,false,1188.5476441255146,486.7725273660828,10,10,31.64927340452462,31.64927340452462,1432.7988137470486,610.2046936437288,15,24,47.47391010678693,75.95825617085909,1199,500,1199,500,1464,635,1464,635,20.04 T 21:37:56.148,20.04 T 21:37:56.231,20.04 T 21:37:56.814,20.04 T 21:37:56.913,0000083,0000666,0000765,0000583,0000682,0000099,0,297.40544715926103,297.40544715926103,297.40544715926103,297.40544715926103,0,mouse
83,discrete,2,1,35,6,W_22_H_5_D_75_Amp_87,31,4,,,87,275.3486786193642,75,true,true,true,true,true,false,false,1497.5405385767967,88.12620238596342,10,10,31.64927340452462,31.64927340452462,1549.8164566045866,362.00492065010707,22,5,69.62840148995416,15.82463670226231,1509,102,1509,102,1582,369,1582,369,20.04 T 21:37:58.164,20.04 T 21:37:58.262,20.04 T 21:37:59.147,20.04 T 21:37:59.231,0000098,0000983,0001067,0000885,0000969,0000084,0,276.79956647364895,276.79956647364895,276.79956647364895,276.79956647364895,0,mouse
84,discrete,2,1,52,9,W_14_H_10_D_120_Amp_72,49,3,,,72,227.87476851257728,120,true,true,true,true,true,false,false,1413.2196739227604,583.754894625359,10,10,31.64927340452462,31.64927340452462,1292.952434985567,781.1002330387493,14,10,44.308982766334466,31.64927340452462,1426,608,1425,608,1313,791,1313,791,20.04 T 21:38:02.150,20.04 T 21:38:02.212,20.04 T 21:38:03.181,20.04 T 21:38:03.313,0000062,0001031,0001163,0000969,0001101,0000132,1,215.07673049402624,215.07673049402624,214.55302374937528,214.55302374937528,0,mouse
85,discrete,2,1,48,8,W_4_H_8_D_105_Amp_160,43,5,,,160,506.38837447239393,105,true,true,true,true,true,false,false,774.3975397880054,315.0444133983928,10,10,31.64927340452462,31.64927340452462,652.8293662774,807.3429497742706,4,8,12.659709361809847,25.319418723619695,798,341,797,341,658,826,658,826,20.04 T 21:38:04.400,20.04 T 21:38:04.529,20.04 T 21:38:05.847,20.04 T 21:38:05.930,0000129,0001447,0001530,0001318,0001401,0000083,1,504.801941359183,504.801941359183,504.52551967170103,504.52551967170103,0,mouse
86,discrete,2,1,139,24,W_4_H_9_D_345_Amp_210,139,0,,,210,664.6347414950171,345,true,true,true,true,true,false,false,780.9595809993989,227.86678670714883,10,10,31.64927340452462,31.64927340452462,1432.442224879752,57.42912124167404,4,9,12.659709361809847,28.48434606407216,801,246,801,246,1437,72,1437,72,20.04 T 21:38:07.230,20.04 T 21:38:07.296,20.04 T 21:38:08.349,20.04 T 21:38:08.447,0000066,0001119,0001217,0001053,0001151,0000098,0,659.3724289049399,659.3724289049399,659.3724289049399,659.3724289049399,0,mouse
87,discrete,2,1,4,1,W_6_H_4_D_0_Amp_409,1,3,,,409,1294.455282245057,0,true,true,true,true,true,false,false,28.43293792000894,158.4221734882796,10,10,31.64927340452462,31.64927340452462,1329.218074845971,167.916955509637,6,4,18.989564042714772,12.659709361809847,41,172,41,172,1333,179,1333,179,20.04 T 21:38:09.932,20.04 T 21:38:10.030,20.04 T 21:38:11.447,20.04 T 21:38:11.530,0000098,0001515,0001598,0001417,0001500,0000083,0,1292.0189627091393,1292.0189627091393,1292.0189627091393,1292.0189627091393,0,mouse
88,discrete,2,1,78,13,W_6_H_4_D_180_Amp_409,73,5,,,409,1294.455282245057,180,true,true,true,true,true,false,false,1328.9407821685038,953.3776412178779,10,10,31.64927340452462,31.64927340452462,40.815354604351604,962.8724232392354,6,4,18.989564042714772,12.659709361809847,1355,973,1355,973,52,970,52,970,20.04 T 21:38:12.968,20.04 T 21:38:13.046,20.04 T 21:38:14.550,20.04 T 21:38:14.664,0000078,0001582,0001696,0001504,0001618,0000114,0,1303.003453564111,1303.003453564111,1303.003453564111,1303.003453564111,0,mouse
89,discrete,2,1,72,12,W_4_H_9_D_165_Amp_210,67,5,,,210,664.6347414950171,165,true,true,true,true,true,false,false,1592.4938078738555,813.5181069476857,10,10,31.64927340452462,31.64927340452462,960.0007280362173,987.1206997536132,4,9,12.659709361809847,28.48434606407216,1613,833,1604,835,970,1002,970,1002,20.04 T 21:38:16.050,20.04 T 21:38:16.130,20.04 T 21:38:17.614,20.04 T 21:38:17.764,0000080,0001564,0001714,0001484,0001634,0000150,9.219544457292887,664.8383262117189,664.8383262117189,655.6256553857544,655.6256553857544,0,mouse
90,discrete,2,1,109,19,W_15_H_20_D_270_Amp_231,109,0,,,231,731.0982156445186,270,true,true,true,true,true,false,false,896.933453534299,915.7780454479289,10,10,31.64927340452462,31.64927340452462,889.0211351831678,168.85519310114793,15,20,47.47391010678693,63.29854680904924,917,937,917,937,917,214,917,214,20.04 T 21:38:18.900,20.04 T 21:38:18.947,20.04 T 21:38:19.982,20.04 T 21:38:20.081,0000047,0001082,0001181,0001035,0001134,0000099,0,723,723,723,723,0,mouse
91,discrete,2,1,134,23,W_5_H_10_D_330_Amp_400,133,1,,,400,1265.9709361809848,330,true,true,true,true,true,false,false,181.44119442435613,838.3005783000117,10,10,31.64927340452462,31.64927340452462,1285.7165039609881,205.3151102095187,5,10,15.82463670226231,31.64927340452462,194,854,194,854,1290,219,1290,219,20.04 T 21:38:21.732,20.04 T 21:38:21.848,20.04 T 21:38:23.266,20.04 T 21:38:23.346,0000116,0001534,0001614,0001418,0001498,0000080,0,1266.665307016814,1266.665307016814,1266.665307016814,1266.665307016814,0,mouse
92,discrete,2,1,85,15,W_15_H_24_D_210_Amp_92,85,0,,,92,291.1733153216265,210,true,true,true,true,true,false,false,450.64563288059475,801.4663288007428,10,10,31.64927340452462,31.64927340452462,190.56982655679832,633.7251797567623,15,24,47.47391010678693,75.95825617085909,460,823,460,823,230,689,230,689,20.04 T 21:38:24.966,20.04 T 21:38:25.081,20.04 T 21:38:25.949,20.04 T 21:38:26.080,0000115,0000983,0001114,0000868,0000999,0000131,0,266.1879035568671,266.1879035568671,266.1879035568671,266.1879035568671,0,mouse
93,discrete,2,1,40,7,W_15_H_20_D_90_Amp_231,37,3,,,231,731.0982156445186,90,true,true,true,true,true,false,false,900.2307577007558,161.28860953413255,10,10,31.64927340452462,31.64927340452462,892.3184393496247,876.5621884763889,15,20,47.47391010678693,63.29854680904924,924,178,924,178,910,905,910,905,20.04 T 21:38:27.666,20.04 T 21:38:27.747,20.04 T 21:38:28.949,20.04 T 21:38:29.013,0000081,0001283,0001347,0001202,0001266,0000064,0,727.1347880551446,727.1347880551446,727.1347880551446,727.1347880551446,0,mouse
94,discrete,2,1,133,23,W_5_H_10_D_330_Amp_400,133,0,,,400,1265.9709361809848,330,true,true,true,true,true,false,false,614.9542327077215,823.5069879778944,10,10,31.64927340452462,31.64927340452462,1719.2295422443535,190.52151988740138,5,10,15.82463670226231,31.64927340452462,629,839,629,839,1729,210,1729,210,20.04 T 21:38:30.614,20.04 T 21:38:30.663,20.04 T 21:38:31.934,20.04 T 21:38:32.030,0000049,0001320,0001416,0001271,0001367,0000096,0,1267.138903198856,1267.138903198856,1267.138903198856,1267.138903198856,0,mouse
95,discrete,2,1,63,11,W_5_H_10_D_150_Amp_400,61,2,,,400,1265.9709361809848,150,true,true,true,true,true,false,false,1691.7449899238643,310.3075267648651,10,10,31.64927340452462,31.64927340452462,603.2943170894943,943.2929948553574,5,10,15.82463670226231,31.64927340452462,1704,323,1704,323,609,964,609,964,20.04 T 21:38:33.034,20.04 T 21:38:33.130,20.04 T 21:38:34.400,20.04 T 21:38:34.481,0000096,0001366,0001447,0001270,0001351,0000081,0,1268.8207123151797,1268.8207123151797,1268.8207123151797,1268.8207123151797,0,mouse
96,discrete,2,1,95,16,W_12_H_6_D_225_Amp_365,91,4,,,365,1155.1984792651485,225,true,true,true,true,true,false,false,927.7762827032706,967.5607307772436,10,10,31.64927340452462,31.64927340452462,107.76267705804408,157.04190715337475,12,6,37.979128085429544,18.989564042714772,938,979,935,977,127,162,127,162,20.04 T 21:38:36.800,20.04 T 21:38:36.897,20.04 T 21:38:37.699,20.04 T 21:38:37.781,0000097,0000899,0000981,0000802,0000884,0000082,3.605551275463989,1151.1776578790955,1151.1776578790955,1147.6449799480674,1147.6449799480674,0,mouse
97,discrete,2,1,144,24,W_4_H_9_D_345_Amp_210,139,5,,,210,664.6347414950171,345,true,true,true,true,true,false,false,310.90030966481436,293.3638530910482,10,10,31.64927340452462,31.64927340452462,962.3829535451675,122.92618762557342,4,9,12.659709361809847,28.48434606407216,332,305,332,305,969,139,969,139,20.04 T 21:38:38.565,20.04 T 21:38:38.631,20.04 T 21:38:39.699,20.04 T 21:38:39.781,0000066,0001134,0001216,0001068,0001150,0000082,0,658.2742589529079,658.2742589529079,658.2742589529079,658.2742589529079,0,mouse
98,discrete,2,1,101,17,W_18_H_12_D_240_Amp_120,97,4,,,120,379.79128085429545,240,true,true,true,true,true,false,false,1256.0883915366824,408.40846630332203,10,10,31.64927340452462,31.64927340452462,1053.5330417477244,76.3346416072193,18,12,56.96869212814432,37.979128085429544,1270,429,1270,429,1059,107,1059,107,20.04 T 21:38:40.899,20.04 T 21:38:40.963,20.04 T 21:38:41.682,20.04 T 21:38:41.780,0000064,0000783,0000881,0000719,0000817,0000098,0,384.974025097798,384.974025097798,384.974025097798,384.974025097798,0,mouse
99,discrete,2,1,32,6,W_22_H_5_D_75_Amp_87,31,1,,,87,275.3486786193642,75,true,true,true,true,true,false,false,613.3588707495788,284.3860906119668,10,10,31.64927340452462,31.64927340452462,665.6347887773688,558.2648088761104,22,5,69.62840148995416,15.82463670226231,627,310,627,310,696,566,696,566,20.04 T 21:38:42.917,20.04 T 21:38:42.998,20.04 T 21:38:43.832,20.04 T 21:38:43.930,0000081,0000915,0001013,0000834,0000932,0000098,0,265.13581425375185,265.13581425375185,265.13581425375185,265.13581425375185,0,mouse
100,discrete,2,1,5,1,W_6_H_4_D_0_Amp_409,1,4,,,409,1294.455282245057,0,true,true,true,true,true,false,false,445.77256297076656,70.94508953513444,10,10,31.64927340452462,31.64927340452462,1746.5576998967285,80.43987155649182,6,4,18.989564042714772,12.659709361809847,469,82,469,82,1759,86,1759,86,20.04 T 21:38:45.099,20.04 T 21:38:45.196,20.04 T 21:38:46.364,20.04 T 21:38:46.480,0000097,0001265,0001381,0001168,0001284,0000116,0,1290.006201535481,1290.006201535481,1290.006201535481,1290.006201535481,0,mouse
101,discrete,2,1,113,19,W_15_H_20_D_270_Amp_231,109,4,,,231,731.0982156445186,270,true,true,true,true,true,false,false,1300.9569965321723,987.4421503475115,10,10,31.64927340452462,31.64927340452462,1293.0446781810408,240.51929800073057,15,20,47.47391010678693,63.29854680904924,1318,1015,1318,1015,1303,294,1303,294,20.04 T 21:38:48.183,20.04 T 21:38:48.280,20.04 T 21:38:49.215,20.04 T 21:38:49.314,0000097,0001032,0001131,0000935,0001034,0000099,0,721.1560164069908,721.1560164069908,721.1560164069908,721.1560164069908,0,mouse
102,discrete,2,1,29,5,W_18_H_12_D_60_Amp_120,25,4,,,120,379.79128085429545,60,true,true,true,true,true,false,false,962.9204604348499,618.7588649960857,10,10,31.64927340452462,31.64927340452462,1140.1563915001877,944.5028350112835,18,12,56.96869212814432,37.979128085429544,980,648,980,648,1174,964,1174,964,20.04 T 21:38:50.464,20.04 T 21:38:50.563,20.04 T 21:38:51.667,20.04 T 21:38:51.731,0000099,0001203,0001267,0001104,0001168,0000064,0,370.7991370000745,370.7991370000745,370.7991370000745,370.7991370000745,0,mouse
103,discrete,2,1,126,21,W_14_H_10_D_300_Amp_72,121,5,,,72,227.87476851257728,300,true,true,true,true,true,false,false,379.83900590628843,454.89470023806354,10,10,31.64927340452462,31.64927340452462,487.4465354816722,257.5493618246733,14,10,44.308982766334466,31.64927340452462,394,471,394,471,521,286,521,286,20.04 T 21:38:53.083,20.04 T 21:38:53.164,20.04 T 21:38:53.898,20.04 T 21:38:54.015,0000081,0000815,0000932,0000734,0000851,0000117,0,224.39696967650877,224.39696967650877,224.39696967650877,224.39696967650877,0,mouse
104,discrete,2,1,74,13,W_6_H_4_D_180_Amp_409,73,1,,,409,1294.455282245057,180,true,true,true,true,true,false,false,1536.7526374816528,543.7265733225616,10,10,31.64927340452462,31.64927340452462,248.62720991750055,553.2213553439192,6,4,18.989564042714772,12.659709361809847,1544,559,1544,559,255,561,255,561,20.04 T 21:38:55.515,20.04 T 21:38:55.547,20.04 T 21:38:56.799,20.04 T 21:38:56.864,0000032,0001284,0001349,0001252,0001317,0000065,0,1289.0015515894463,1289.0015515894463,1289.0015515894463,1289.0015515894463,0,mouse
105,discrete,2,1,76,13,W_6_H_4_D_180_Amp_409,73,3,,,409,1294.455282245057,180,true,true,true,true,true,false,false,1389.786151429633,618.975451387179,10,10,31.64927340452462,31.64927340452462,101.66072386548085,628.4702334085365,6,4,18.989564042714772,12.659709361809847,1404,648,1404,648,108,635,108,635,20.04 T 21:38:58.083,20.04 T 21:38:58.164,20.04 T 21:38:59.516,20.04 T 21:38:59.565,0000081,0001433,0001482,0001352,0001401,0000049,0,1296.0651989772737,1296.0651989772737,1296.0651989772737,1296.0651989772737,0,mouse
106,discrete,2,1,33,6,W_22_H_5_D_75_Amp_87,31,2,,,87,275.3486786193642,75,true,true,true,true,true,false,false,611.7707153863855,507.25316948092166,10,10,31.64927340452462,31.64927340452462,664.0466334141755,781.1318877450652,22,5,69.62840148995416,15.82463670226231,619,530,619,530,688,787,688,787,20.04 T 21:39:00.766,20.04 T 21:39:00.898,20.04 T 21:39:02.115,20.04 T 21:39:02.197,0000132,0001349,0001431,0001217,0001299,0000082,0,266.101484400219,266.101484400219,266.101484400219,266.101484400219,0,mouse
107,discrete,2,1,23,4,W_12_H_6_D_45_Amp_365,19,4,,,365,1155.1984792651485,45,true,true,true,true,true,false,false,312.22157487269567,163.0613191132087,10,10,31.64927340452462,31.64927340452462,1125.905325837017,986.2398520988874,12,6,37.979128085429544,18.989564042714772,320,178,320,179,1148,994,1148,994,20.04 T 21:39:03.666,20.04 T 21:39:03.765,20.04 T 21:39:05.401,20.04 T 21:39:05.514,0000099,0001735,0001848,0001636,0001749,0000113,1,1162.514516038402,1162.514516038402,1161.8128076415753,1161.8128076415753,0,mouse
108,discrete,2,1,91,16,W_12_H_6_D_225_Amp_365,91,0,,,365,1155.1984792651485,225,true,true,true,true,true,false,false,1766.0012472998644,843.2185029429702,10,10,31.64927340452462,31.64927340452462,945.987641654638,32.699679319101314,12,6,37.979128085429544,18.989564042714772,1773,857,1773,857,965,43,965,43,20.04 T 21:39:07.667,20.04 T 21:39:07.765,20.04 T 21:39:08.951,20.04 T 21:39:09.014,0000098,0001284,0001347,0001186,0001249,0000063,0,1146.935046112028,1146.935046112028,1146.935046112028,1146.935046112028,0,mouse
109,discrete,2,1,36,6,W_22_H_5_D_75_Amp_87,31,5,,,87,275.3486786193642,75,true,true,true,true,true,false,false,1054.455343010971,422.78941426585607,10,10,31.64927340452462,31.64927340452462,1106.731261038761,696.6681325299998,22,5,69.62840148995416,15.82463670226231,1071,438,1071,438,1141,702,1141,702,20.04 T 21:39:10.000,20.04 T 21:39:10.064,20.04 T 21:39:11.098,20.04 T 21:39:11.180,0000064,0001098,0001180,0001034,0001116,0000082,0,273.12268305653413,273.12268305653413,273.12268305653413,273.12268305653413,0,mouse
110,discrete,2,1,112,19,W_15_H_20_D_270_Amp_231,109,3,,,231,731.0982156445186,270,true,true,true,true,true,false,false,344.7919196148464,813.0519460415624,10,10,31.64927340452462,31.64927340452462,336.87960126371513,66.1290936947814,15,20,47.47391010678693,63.29854680904924,358,838,358,838,361,122,361,122,20.04 T 21:39:12.400,20.04 T 21:39:12.481,20.04 T 21:39:13.648,20.04 T 21:39:13.748,0000081,0001248,0001348,0001167,0001267,0000100,0,716.0062848886174,716.0062848886174,716.0062848886174,716.0062848886174,0,mouse
111,discrete,2,1,106,18,W_22_H_5_D_255_Amp_87,103,3,,,87,275.3486786193642,255,true,true,true,true,true,false,false,910.9907275641996,622.4106685563988,10,10,31.64927340452462,31.64927340452462,820.7356814509802,364.3565869945175,22,5,69.62840148995416,15.82463670226231,932,649,932,649,844,369,844,369,20.04 T 21:39:14.849,20.04 T 21:39:14.931,20.04 T 21:39:16.033,20.04 T 21:39:16.131,0000082,0001184,0001282,0001102,0001200,0000098,0,293.50298124550625,293.50298124550625,293.50298124550625,293.50298124550625,0,mouse
112,discrete,2,1,57,10,W_13_H_7_D_135_Amp_166,55,2,,,166,525.3779385151087,135,true,true,true,true,true,false,false,959.0811590291443,415.36983635206565,10,10,31.64927340452462,31.64927340452462,582.8354650086233,791.6155303725868,13,7,41.144055425882,22.154491383167233,979,440,976,428,616,803,616,803,20.04 T 21:39:17.051,20.04 T 21:39:18.933,20.04 T 21:39:25.949,20.04 T 21:39:26.014,0001882,0008898,0008963,0007016,0007081,0000065,12.36931687685298,513.3595231414336,513.3595231414336,519.8317035349037,519.8317035349037,0,mouse
113,discrete,2,1,42,7,W_15_H_20_D_90_Amp_231,37,5,,,231,731.0982156445186,90,true,true,true,true,true,false,false,1134.520006809347,83.96153374956837,10,10,31.64927340452462,31.64927340452462,1126.6076884582158,799.2351126918247,15,20,47.47391010678693,63.29854680904924,1152,105,1152,106,1150,844,1150,844,20.04 T 21:39:27.447,20.04 T 21:39:27.546,20.04 T 21:39:28.398,20.04 T 21:39:28.480,0000099,0000951,0001033,0000852,0000934,0000082,1,739.0027063549903,739.0027063549903,738.0027100221245,738.0027100221245,0,mouse
114,discrete,2,1,47,8,W_4_H_8_D_105_Amp_160,43,4,,,160,506.38837447239393,105,true,true,true,true,true,false,false,1173.7691764029335,394.60578701863477,10,10,31.64927340452462,31.64927340452462,1052.201002892328,886.9043233945125,4,8,12.659709361809847,25.319418723619695,1194,418,1194,418,1062,898,1062,898,20.04 T 21:39:29.383,20.04 T 21:39:29.480,20.04 T 21:39:31.115,20.04 T 21:39:31.231,0000097,0001732,0001848,0001635,0001751,0000116,0,497.81924430459696,497.81924430459696,497.81924430459696,497.81924430459696,0,mouse
115,discrete,2,1,124,21,W_14_H_10_D_300_Amp_72,121,3,,,72,227.87476851257728,300,true,true,true,true,true,false,false,295.7939069479712,511.1554146421786,10,10,31.64927340452462,31.64927340452462,403.40143652335496,313.8100762287884,14,10,44.308982766334466,31.64927340452462,313,539,313,539,414,334,414,334,20.04 T 21:39:32.566,20.04 T 21:39:32.631,20.04 T 21:39:33.334,20.04 T 21:39:33.430,0000065,0000768,0000864,0000703,0000799,0000096,0,228.53008554673934,228.53008554673934,228.53008554673934,228.53008554673934,0,mouse
116,discrete,2,1,46,8,W_4_H_8_D_105_Amp_160,43,3,,,160,506.38837447239393,105,true,true,true,true,true,false,false,337.4777448520229,375.45593805328735,10,10,31.64927340452462,31.64927340452462,215.90957134141752,867.754474429165,4,8,12.659709361809847,25.319418723619695,356,383,356,383,227,890,227,890,20.04 T 21:39:34.434,20.04 T 21:39:34.516,20.04 T 21:39:35.434,20.04 T 21:39:35.497,0000082,0001000,0001063,0000918,0000981,0000063,0,523.1538970513361,523.1538970513361,523.1538970513361,523.1538970513361,0,mouse
117,discrete,2,1,30,5,W_18_H_12_D_60_Amp_120,25,5,,,120,379.79128085429545,60,true,true,true,true,true,false,false,1165.9766669398293,352.7330988885208,10,10,31.64927340452462,31.64927340452462,1343.2125980051671,678.4770689037188,18,12,56.96869212814432,37.979128085429544,1187,375,1187,375,1376,693,1376,693,20.04 T 21:39:36.967,20.04 T 21:39:37.066,20.04 T 21:39:38.051,20.04 T 21:39:38.147,0000099,0001084,0001180,0000985,0001081,0000096,0,369.92566820916875,369.92566820916875,369.92566820916875,369.92566820916875,0,mouse
118,discrete,2,1,71,12,W_4_H_9_D_165_Amp_210,67,4,,,210,664.6347414950171,165,true,true,true,true,true,false,false,1558.6325178094446,322.1924124543366,10,10,31.64927340452462,31.64927340452462,926.1394379718064,495.7950052602641,4,9,12.659709361809847,28.48434606407216,1586,339,1586,339,936,521,936,521,20.04 T 21:39:39.633,20.04 T 21:39:39.715,20.04 T 21:39:41.366,20.04 T 21:39:41.465,0000082,0001733,0001832,0001651,0001750,0000099,0,674.9992592588528,674.9992592588528,674.9992592588528,674.9992592588528,0,mouse
119,discrete,2,1,11,2,W_7_H_16_D_15_Amp_200,7,4,,,200,632.9854680904924,15,true,true,true,true,true,false,false,1218.14654197358,112.79777902793357,10,10,31.64927340452462,31.64927340452462,1834.3109442785403,267.1316914215295,7,16,22.154491383167233,50.63883744723939,1233,141,1233,141,1845,293,1845,293,20.04 T 21:39:42.800,20.04 T 21:39:42.882,20.04 T 21:39:44.016,20.04 T 21:39:44.131,0000082,0001216,0001331,0001134,0001249,0000115,0,630.5933713574858,630.5933713574858,630.5933713574858,630.5933713574858,0,mouse
120,discrete,2,1,125,21,W_14_H_10_D_300_Amp_72,121,4,,,72,227.87476851257728,300,true,true,true,true,true,false,false,1319.6685928577551,493.7252064885262,10,10,31.64927340452462,31.64927340452462,1427.2761224331389,296.379868075136,14,10,44.308982766334466,31.64927340452462,1334,515,1334,514,1451,306,1451,306,20.04 T 21:39:47.731,20.04 T 21:39:47.816,20.04 T 21:39:48.833,20.04 T 21:39:48.931,0000085,0001102,0001200,0001017,0001115,0000098,1,239.52035404115452,239.52035404115452,238.64827675891564,238.64827675891564,0,mouse
121,discrete,2,1,123,21,W_14_H_10_D_300_Amp_72,121,2,,,72,227.87476851257728,300,true,true,true,true,true,false,false,879.6942322498694,312.8722458632284,10,10,31.64927340452462,31.64927340452462,987.301761825253,115.52690744983816,14,10,44.308982766334466,31.64927340452462,897,326,896,326,997,127,997,127,20.04 T 21:39:50.249,20.04 T 21:39:50.331,20.04 T 21:39:51.084,20.04 T 21:39:51.181,0000082,0000835,0000932,0000753,0000850,0000097,1,222.71281956816046,222.71281956816046,223.16361710637332,223.16361710637332,0,mouse
122,discrete,2,1,127,22,W_17_H_7_D_315_Amp_166,127,0,,,166,525.3779385151087,315,true,true,true,true,true,false,false,1197.9754539418693,550.6204146803661,10,10,31.64927340452462,31.64927340452462,1558.3965112601281,183.86950268120236,17,7,53.803764787691854,22.154491383167233,1215,563,1215,563,1586,201,1586,201,20.04 T 21:39:52.433,20.04 T 21:39:52.514,20.04 T 21:39:53.499,20.04 T 21:39:53.598,0000081,0001066,0001165,0000985,0001084,0000099,0,518.3483384751995,518.3483384751995,518.3483384751995,518.3483384751995,0,mouse
123,discrete,2,1,81,14,W_7_H_16_D_195_Amp_200,79,2,,,200,632.9854680904924,195,true,true,true,true,true,false,false,1717.2650270733423,265.08149187051345,10,10,31.64927340452462,31.64927340452462,1110.5954067897394,91.75801543420266,7,16,22.154491383167233,50.63883744723939,1742,283,1742,283,1126,123,1126,123,20.04 T 21:39:55.249,20.04 T 21:39:55.349,20.04 T 21:39:56.366,20.04 T 21:39:56.481,0000100,0001117,0001232,0001017,0001132,0000115,0,636.4400993023617,636.4400993023617,636.4400993023617,636.4400993023617,0,mouse
124,discrete,2,1,19,4,W_12_H_6_D_45_Amp_365,19,0,,,365,1155.1984792651485,45,true,true,true,true,true,false,false,463.5077898792123,53.88022258286418,10,10,31.64927340452462,31.64927340452462,1277.1915408435336,877.0587555685429,12,6,37.979128085429544,18.989564042714772,479,64,479,64,1292,883,1292,883,20.04 T 21:39:57.883,20.04 T 21:39:57.964,20.04 T 21:39:59.216,20.04 T 21:39:59.297,0000081,0001333,0001414,0001252,0001333,0000081,0,1154.0060658419434,1154.0060658419434,1154.0060658419434,1154.0060658419434,0,mouse
125,discrete,2,1,132,22,W_17_H_7_D_315_Amp_166,127,5,,,166,525.3779385151087,315,true,true,true,true,true,false,false,784.7839711383031,744.4145874298553,10,10,31.64927340452462,31.64927340452462,1145.2050284565616,377.66367543069146,17,7,53.803764787691854,22.154491383167233,803,769,803,769,1154,393,1154,393,20.04 T 21:40:00.348,20.04 T 21:40:00.431,20.04 T 21:40:01.516,20.04 T 21:40:01.598,0000083,0001168,0001250,0001085,0001167,0000082,0,514.3704890446185,514.3704890446185,514.3704890446185,514.3704890446185,0,mouse
126,discrete,2,1,93,16,W_12_H_6_D_225_Amp_365,91,2,,,365,1155.1984792651485,225,true,true,true,true,true,false,false,1512.5585227524068,857.8469759086504,10,10,31.64927340452462,31.64927340452462,692.5449171071804,47.32815228478152,12,6,37.979128085429544,18.989564042714772,1535,876,1535,876,720,59,720,59,20.04 T 21:40:02.784,20.04 T 21:40:02.900,20.04 T 21:40:04.099,20.04 T 21:40:04.197,0000116,0001315,0001413,0001199,0001297,0000098,0,1153.999133448548,1153.999133448548,1153.999133448548,1153.999133448548,0,mouse
127,discrete,2,1,73,13,W_6_H_4_D_180_Amp_409,73,0,,,409,1294.455282245057,180,true,true,true,true,true,false,false,1750.1249572238708,794.5449030523662,10,10,31.64927340452462,31.64927340452462,461.9995296597186,804.0396850737237,6,4,18.989564042714772,12.659709361809847,1762,812,1762,812,470,815,470,815,20.04 T 21:40:05.615,20.04 T 21:40:05.664,20.04 T 21:40:06.833,20.04 T 21:40:06.898,0000049,0001218,0001283,0001169,0001234,0000065,0,1292.0034829674416,1292.0034829674416,1292.0034829674416,1292.0034829674416,0,mouse
128,discrete,2,1,39,7,W_15_H_20_D_90_Amp_231,37,2,,,231,731.0982156445186,90,true,true,true,true,true,false,false,1608.4555097392688,161.21162979116707,10,10,31.64927340452462,31.64927340452462,1600.5431913881375,876.4852087334234,15,20,47.47391010678693,63.29854680904924,1627,171,1627,171,1618,910,1618,910,20.04 T 21:40:08.448,20.04 T 21:40:08.532,20.04 T 21:40:09.283,20.04 T 21:40:09.365,0000084,0000835,0000917,0000751,0000833,0000082,0,739.0548017569469,739.0548017569469,739.0548017569469,739.0548017569469,0,mouse
129,discrete,2,1,28,5,W_18_H_12_D_60_Amp_120,25,3,,,120,379.79128085429545,60,true,true,true,true,true,false,false,1459.3485085541195,441.5586014667843,10,10,31.64927340452462,31.64927340452462,1636.5844396194573,767.3025714819822,18,12,56.96869212814432,37.979128085429544,1480,468,1480,468,1660,792,1660,792,20.04 T 21:40:10.402,20.04 T 21:40:10.482,20.04 T 21:40:11.135,20.04 T 21:40:11.214,0000080,0000733,0000812,0000653,0000732,0000079,0,370.64268507553203,370.64268507553203,370.64268507553203,370.64268507553203,0,mouse
130,discrete,2,1,14,3,W_15_H_24_D_30_Amp_92,13,1,,,92,291.1733153216265,30,true,true,true,true,true,false,false,1340.538564118852,461.08246780295974,10,10,31.64927340452462,31.64927340452462,1584.789733740386,584.5146340806057,15,24,47.47391010678693,75.95825617085909,1353,490,1353,490,1620,622,1620,622,20.04 T 21:40:12.785,20.04 T 21:40:12.867,20.04 T 21:40:13.766,20.04 T 21:40:13.865,0000082,0000981,0001080,0000899,0000998,0000099,0,297.8472763011272,297.8472763011272,297.8472763011272,297.8472763011272,0,mouse
131,discrete,2,1,68,12,W_4_H_9_D_165_Amp_210,67,1,,,210,664.6347414950171,165,true,true,true,true,true,false,false,1299.2401889059518,534.2640348613618,10,10,31.64927340452462,31.64927340452462,666.7471090683135,707.8666276672892,4,9,12.659709361809847,28.48434606407216,1320,549,1320,549,676,732,676,732,20.04 T 21:40:14.983,20.04 T 21:40:15.047,20.04 T 21:40:15.767,20.04 T 21:40:15.831,0000064,0000784,0000848,0000720,0000784,0000064,0,669.4960791520739,669.4960791520739,669.4960791520739,669.4960791520739,0,mouse
132,discrete,2,1,143,24,W_4_H_9_D_345_Amp_210,139,4,,,210,664.6347414950171,345,true,true,true,true,true,false,false,440.01459323081076,787.2637880413852,10,10,31.64927340452462,31.64927340452462,1091.497237111164,616.8261225759103,4,9,12.659709361809847,28.48434606407216,456,796,456,796,1097,638,1097,638,20.04 T 21:40:18.282,20.04 T 21:40:18.348,20.04 T 21:40:19.951,20.04 T 21:40:20.048,0000066,0001669,0001766,0001603,0001700,0000097,0,660.1855799697537,660.1855799697537,660.1855799697537,660.1855799697537,0,mouse
133,discrete,2,1,98,17,W_18_H_12_D_240_Amp_120,97,1,,,120,379.79128085429545,240,true,true,true,true,true,false,false,973.9345548363356,592.3269536809538,10,10,31.64927340452462,31.64927340452462,771.3792050473778,260.25312898485106,18,12,56.96869212814432,37.979128085429544,987,614,987,609,802,276,802,276,20.04 T 21:40:20.916,20.04 T 21:40:20.998,20.04 T 21:40:21.666,20.04 T 21:40:21.747,0000082,0000750,0000831,0000668,0000749,0000081,5,385.3167528151352,385.3167528151352,380.938315216519,380.938315216519,0,mouse
134,discrete,2,1,31,6,W_22_H_5_D_75_Amp_87,31,0,,,87,275.3486786193642,75,true,true,true,true,true,false,false,879.394558058235,477.26215468329076,10,10,31.64927340452462,31.64927340452462,931.670476086025,751.1408729474343,22,5,69.62840148995416,15.82463670226231,894,499,894,499,965,761,965,761,20.04 T 21:40:22.400,20.04 T 21:40:22.483,20.04 T 21:40:23.250,20.04 T 21:40:23.315,0000083,0000850,0000915,0000767,0000832,0000065,0,271.4498111990502,271.4498111990502,271.4498111990502,271.4498111990502,0,mouse
135,discrete,2,1,130,22,W_17_H_7_D_315_Amp_166,127,3,,,166,525.3779385151087,315,true,true,true,true,true,false,false,889.5890811997663,598.6977108386465,10,10,31.64927340452462,31.64927340452462,1250.010138518025,231.94679883948268,17,7,53.803764787691854,22.154491383167233,903,619,905,618,1271,249,1271,249,20.04 T 21:40:24.385,20.04 T 21:40:24.450,20.04 T 21:40:25.666,20.04 T 21:40:25.764,0000065,0001281,0001379,0001216,0001314,0000098,2.23606797749979,521.8467207906934,521.8467207906934,519.7278133792726,519.7278133792726,0,mouse
136,discrete,2,1,1,1,W_6_H_4_D_0_Amp_409,1,0,,,409,1294.455282245057,0,true,true,true,true,true,false,false,94.07649998840405,885.7817158104383,10,10,31.64927340452462,31.64927340452462,1394.861636914366,895.2764978317957,6,4,18.989564042714772,12.659709361809847,108,901,108,901,1404,902,1404,902,20.04 T 21:40:27.217,20.04 T 21:40:27.280,20.04 T 21:40:28.532,20.04 T 21:40:28.598,0000063,0001315,0001381,0001252,0001318,0000066,0,1296.0003858024118,1296.0003858024118,1296.0003858024118,1296.0003858024118,0,mouse
137,discrete,2,1,41,7,W_15_H_20_D_90_Amp_231,37,4,,,231,731.0982156445186,90,true,true,true,true,true,false,false,747.7608815202185,265.37363346870836,10,10,31.64927340452462,31.64927340452462,739.8485631690874,980.6472124109647,15,20,47.47391010678693,63.29854680904924,770,293,770,294,772,1032,772,1032,20.04 T 21:40:29.783,20.04 T 21:40:29.898,20.04 T 21:40:31.001,20.04 T 21:40:31.098,0000115,0001218,0001315,0001103,0001200,0000097,1,739.0027063549903,739.0027063549903,738.0027100221245,738.0027100221245,0,mouse
138,discrete,2,1,102,17,W_18_H_12_D_240_Amp_120,97,5,,,120,379.79128085429545,240,true,true,true,true,true,false,false,726.0145702684435,616.2229139963224,10,10,31.64927340452462,31.64927340452462,523.4592204794858,284.14908930021966,18,12,56.96869212814432,37.979128085429544,743,632,743,632,550,302,550,302,20.04 T 21:40:32.851,20.04 T 21:40:32.932,20.04 T 21:40:33.750,20.04 T 21:40:33.848,0000081,0000899,0000997,0000818,0000916,0000098,0,382.29438918194967,382.29438918194967,382.29438918194967,382.29438918194967,0,mouse
139,discrete,2,1,16,3,W_15_H_24_D_30_Amp_92,13,3,,,92,291.1733153216265,30,true,true,true,true,true,false,false,1324.5030895264274,401.65370521678676,10,10,31.64927340452462,31.64927340452462,1568.7542591479614,525.0858714944327,15,24,47.47391010678693,75.95825617085909,1335,423,1335,423,1587,555,1587,555,20.04 T 21:40:34.933,20.04 T 21:40:35.016,20.04 T 21:40:35.669,20.04 T 21:40:35.748,0000083,0000736,0000815,0000653,0000732,0000079,0,284.47847018711275,284.47847018711275,284.47847018711275,284.47847018711275,0,mouse
140,discrete,2,1,24,4,W_12_H_6_D_45_Amp_365,19,5,,,365,1155.1984792651485,45,true,true,true,true,true,false,false,959.3425818202306,86.52036489784227,10,10,31.64927340452462,31.64927340452462,1773.0263327845519,909.6988978835209,12,6,37.979128085429544,18.989564042714772,975,112,975,112,1793,918,1793,918,20.04 T 21:40:37.950,20.04 T 21:40:38.064,20.04 T 21:40:39.552,20.04 T 21:40:39.665,0000114,0001602,0001715,0001488,0001601,0000113,0,1148.372761780773,1148.372761780773,1148.372761780773,1148.372761780773,0,mouse
141,discrete,2,1,100,17,W_18_H_12_D_240_Amp_120,97,3,,,120,379.79128085429545,240,true,true,true,true,true,false,false,1465.1139334512536,866.9033915650615,10,10,31.64927340452462,31.64927340452462,1262.5585836622959,534.8295668689588,18,12,56.96869212814432,37.979128085429544,1484,882,1484,882,1286,551,1286,551,20.04 T 21:40:41.183,20.04 T 21:40:41.265,20.04 T 21:40:42.000,20.04 T 21:40:42.115,0000082,0000817,0000932,0000735,0000850,0000115,0,385.700661135031,385.700661135031,385.700661135031,385.700661135031,0,mouse
142,discrete,2,1,34,6,W_22_H_5_D_75_Amp_87,31,3,,,87,275.3486786193642,75,true,true,true,true,true,false,false,732.5189001513869,594.2440525823799,10,10,31.64927340452462,31.64927340452462,784.7948181791769,868.1227708465236,22,5,69.62840148995416,15.82463670226231,747,608,747,608,808,876,808,876,20.04 T 21:40:43.599,20.04 T 21:40:43.715,20.04 T 21:40:44.766,20.04 T 21:40:44.849,0000116,0001167,0001250,0001051,0001134,0000083,0,274.85450696686786,274.85450696686786,274.85450696686786,274.85450696686786,0,mouse
143,discrete,2,1,43,8,W_4_H_8_D_105_Amp_160,43,0,,,160,506.38837447239393,105,true,true,true,true,true,false,false,1683.1361658710719,279.56514501265326,10,10,31.64927340452462,31.64927340452462,1561.5679923604664,771.863681388531,4,8,12.659709361809847,25.319418723619695,1697,303,1697,303,1567,784,1567,784,20.04 T 21:40:46.367,20.04 T 21:40:46.448,20.04 T 21:40:48.366,20.04 T 21:40:48.464,0000081,0001999,0002097,0001918,0002016,0000098,0,498.2579653151568,498.2579653151568,498.2579653151568,498.2579653151568,0,mouse
144,discrete,2,1,136,23,W_5_H_10_D_330_Amp_400,133,3,,,400,1265.9709361809848,330,true,true,true,true,true,false,false,690.8031422526727,867.3308979077129,10,10,31.64927340452462,31.64927340452462,1795.0784517893046,234.34542981721995,5,10,15.82463670226231,31.64927340452462,705,891,705,891,1799,243,1799,243,20.04 T 21:40:54.435,20.04 T 21:40:54.533,20.04 T 21:40:55.651,20.04 T 21:40:55.732,0000098,0001216,0001297,0001118,0001199,0000081,0,1271.5109122614717,1271.5109122614717,1271.5109122614717,1271.5109122614717,0,mouse
